1.92578125,10.31473214,-63.87834821
-3.551846591,17.14275568,-56.83238636
-0.282894737,13.75328947,-55.72779605
-0.908717105,11.26891447,-54.78618421
-3.711309524,7.945436508,-55.05654762
-4.816611842,8.821546053,-51.93338816
-6.313311688,9.698863636,-49.49269481
-4.616716867,12.23945783,-47.44051205
-6.087797619,11.2202381,-47.19717262
-5.868607955,11.13494318,-46.984375
-7.67369186,12.71875,-48.51526163
-6.691091954,13.76005747,-51.36422414
-8.842647059,20.60073529,-57.21691176
2.949324324,20.95692568,-59.66047297
4.969190141,21.42253521,-51.1540493
6.983088235,18.25882353,-48.92720588
5.730147059,17.75588235,-46.8875
4.139136905,17.23660714,-48.63541667
0.458333333,17.66465054,-49.29233871
-4.422256098,21.13719512,-48.37118902
-7.522007042,23.49471831,-50.13116197
-10.53671875,23.009375,-52.36328125
-10.32658451,21.17693662,-53.08538732
-11.84409341,20.04876374,-52.13118132
-9.848484848,23.55113636,-48.47253788
-1.094387755,27.24872449,-47.37882653
-1.333626761,12.80985915,-46.16637324
-2.472470238,19.52901786,-47.90922619
-0.473529412,19.88970588,-44.17647059
2.54076087,21.98731884,-43.02083333
4.733024691,22.97762346,-42.99074074
7.24382716,24.42901235,-43.51080247
6.948401163,23.83938953,-46.49709302
4.133487654,23.67669753,-48.82175926
6.471450617,20.19907407,-51.39737654
11.0837963,-29.82037037,-66.47314815
18.1369863,-75.37585616,-80.51969178
27.29073034,43.08918539,-20.4508427
22.29069767,40.7005814,-23.70857558
21.54755435,36.00203804,-23.30095109
7.571917808,35.2380137,-21.50342466
5.586472603,53.44520548,-20.19520548
21.44679054,56.16722973,-17.45523649
33.06953125,49.04375,-16.0390625
35.2191092,44.82471264,-14.14367816
33.68112245,42.90178571,-14.77614796
31.76176471,43.26176471,-14.81691176
30.90234375,43.07109375,-14.66640625
29.59876543,43.4058642,-15.23996914
28.92987805,42.65167683,-17.16920732
24.6487069,42.4375,-19.06178161
24.75892857,43.80580357,-21.86830357
25.87731481,41.50925926,-23.42824074
24.2003012,0.294427711,-49.21385542
28.09853604,6.787162162,-44.71171171
28.65210843,1.457078313,-42.51430723
26.35394737,3.718421053,-40.51052632
25.20639535,3.268895349,-39.45494186
24.61655405,4.326858108,-37.69003378
25.2565407,4.989825581,-35.09447674
25.31976744,5.425145349,-34.78415698
24.63372093,4.76744186,-35.25218023
26.48139881,6.266369048,-32.96949405
26.95673077,6.706043956,-31.78502747
26.83166667,6.925833333,-31.27166667
28.85873288,6.071917808,-31.77482877
29.42394578,6.823042169,-34.65436747
33.29220779,8.300324675,-39.42532468
36.875,3.089638158,-41.44078947
36.86356707,-2.34070122,-36.70198171
35.41071429,-5.981331169,-34.18425325
33.44382911,-4.878164557,-33.94620253
34.25486111,-2.2375,-34.27361111
35.1914557,2.339398734,-34.16455696
37.33179012,5.766203704,-33.48302469
40.03370787,6.71488764,-34.58356742
40.34632353,13.23308824,-35.80147059
38.51661392,12.91455696,-36.52452532
38.13088235,14.17647059,-35.02794118
39.37638889,9.026388889,-34.06527778
40.72737069,2.201508621,-33.36099138
31.13184932,-1.267979452,-33.04623288
32.39632353,5.755882353,-33.24411765
32.86266447,-2.599506579,-35.12088816
34.6025641,-4.75400641,-33.72115385
34.421875,-7.811820652,-34.34714674
37.38735465,-6.678052326,-34.03706395
37.2936828,-5.569892473,-36.87432796
36.68229167,-6.875744048,-39.12202381
37.11337209,-5.010901163,-40.0559593
34.0744382,-2.169241573,-39.27668539
31.16458333,1.063888889,-41.07152778
28.91840278,4.622395833,-40.35850694
26.91440217,11.4517663,-38.93002717
38.80661765,16.17352941,-36.7625
44.47275641,2.321314103,-34.89823718
38.54066265,-10.98493976,-33.81325301
33.71609043,-9.968085106,-33.65691489
31.73717949,-10.27163462,-31.53445513
30.94805195,-10.13961039,-32.81493506
31.32483553,-8.370888158,-31.86266447
31.2027027,-7.248310811,-32.20861486
30.49,-4.531666667,-34.005
29.79140625,-2.1109375,-35.77890625
31.40140845,-0.879401408,-37.8221831
30.67608173,-3.251201923,-39.81310096
-16.9015411,6.744006849,-53.52825342
-26.38553371,1.351123596,-45.39115169
-24.890625,4.908482143,-42.40178571
-23.10367647,4.947794118,-40.85808824
-20.0060241,5.551204819,-40.5625
-20.60122283,2.601222826,-38.2330163
-21.87048193,0.22439759,-35.78614458
-23.40247253,1.749313187,-34.41826923
-24.15666667,0.098333333,-36.27
-24.2725,0.288333333,-35.83833333
-24.99671053,0.748355263,-35.17434211
-26.16807432,1.097972973,-36.68581081
-27.15017361,-0.417534722,-39.50173611
-33.29476351,-5.25,-44.85810811
-33.27757353,5.748161765,-50.67647059
-34.76515152,11.92518939,-39.63352273
-31.846875,13.27265625,-37.22890625
-30.02264493,12.88858696,-36.09601449
-30.7775,6.61,-37.571875
-31.97535211,2.246478873,-37.74647887
-34.13734568,-1.092592593,-37.71682099
-35.89836449,-1.418808411,-40.10338785
-37.13482143,-4.032142857,-41.34464286
-34.8890625,-5.06640625,-41.62109375
-34.6875,-6.874237805,-39.81554878
-35.98939732,-4.349888393,-38.70982143
-42.91200658,8.756578947,-36.32648026
-22.65467172,6.314393939,-35.38888889
-27.505,5.611666667,-37.7925
-24.67333333,6.916666667,-38.96666667
-28.24835526,7.145559211,-34.37335526
-31.28680556,11.72569444,-31.59583333
-32.63392857,12.41889881,-30.97247024
-33.79513889,13.74791667,-31.94652778
-34.89536517,13.47752809,-36.31741573
-34.13855422,13.0685241,-38.55496988
-33.20703125,11.0859375,-40.58984375
-32.48273026,11.05509868,-39.87006579
-28.10735294,9.320588235,-42.67794118
-24.225,3.104166667,-42.525
-23.66903409,-7.212357955,-40.79545455
-40.6865942,-10.0923913,-40.67391304
-47.18150685,8.690924658,-35.30821918
-38.14557927,18.49390244,-34.27210366
-34.20077434,19.1869469,-32.28484513
-31.96701389,18.96354167,-34.38802083
-31.171875,17.83159722,-35.07899306
-29.97513441,17.62836022,-35.68682796
-30.08487654,14.93364198,-36.76697531
-28.79054054,9.647804054,-39.27618243
-28.16826923,8.324519231,-41.03605769
-31.03722426,8.134650735,-39.75597426
-30.47453704,12.03395062,-38.46682099
-14.84852941,-25.51764706,-54.02573529
-3.758802817,-26.16109155,-46.91725352
-8.767319277,-32.64533133,-41.01731928
-3.453547297,-26.65793919,-45.28040541
-2.35,-25.09083333,-44.13583333
-0.991297468,-22.47468354,-43.40822785
1.292534722,-22.64930556,-40.88020833
1.278044872,-22.54967949,-39.94711538
-1.676757813,-26.00488281,-33.35546875
-2.837652439,-24.26905488,-33.55868902
0.250744048,-28.75223214,-31.91666667
-1.120786517,-30.41432584,-33.47120787
0.869791667,-28.70572917,-40.64583333
-3.6375,-38.8046875,-45.48828125
-10.20158451,-35.13644366,-44.35211268
-18.1875,-34.62341772,-35.68670886
-18.43362832,-32.2704646,-33.72732301
-12.58166667,-33.43333333,-34.07583333
-9.307471264,-34.56178161,-34.79813218
-6.299342105,-33.82565789,-32.94325658
-2.616394928,-40.09918478,-32.19882246
2.38880814,-42.45276163,-33.15334302
2.434090909,-41.78181818,-33.60056818
3.083333333,-38.89439655,-35.17528736
3.059294872,-40.7099359,-32.1161859
-7.459517045,-43.60511364,-30.3828125
-17.84832317,-30.46875,-26.09527439
-4.015202703,-34.44932432,-32.53209459
-7.602623457,-35.22839506,-29.38040123
-8.313291139,-36.00158228,-26.96044304
-11.51582278,-36.88844937,-26.46914557
-12.45246479,-36.40228873,-28.56161972
-17.41911765,-38.17352941,-25.00441176
-18.79727564,-35.69070513,-29.08333333
-16.76234568,-34.51774691,-32.19907407
-14.19736842,-35.66036184,-32.73355263
-13.31801471,-35.00183824,-34.84129902
-6.652698864,-29.15553977,-38.78196023
1.757291667,-25.46666667,-37.97604167
11.25462963,-37.03626543,-37.08179012
-8.5625,-49.2234375,-34.44765625
-21.92744253,-41.99712644,-29.95617816
-26.2827381,-34.39732143,-28.12276786
-23.24786932,-33.67542614,-26.76420455
-18.90416667,-30.3625,-27.53611111
-17.34296875,-29.53125,-28.97109375
-15.42606707,-28.35060976,-30.92073171
-11.045,-30.11833333,-32.42833333
-12.22331461,-28.54775281,-34.11025281
-12.03277439,-32.86432927,-34.83231707
-12.98088235,-31.05955882,-38.87647059
3.141233766,27.2637987,-39.85470779
4.095,28.011875,-39.82625
2.112113402,27.03479381,-40.19780928
2.139423077,28.39972527,-38.29739011
2.135057471,26.10344828,-37.72701149
0.138297872,26.71609043,-34.33710106
-3.521666667,23.25916667,-36.79833333
-5.464176829,24.80716463,-34.7804878
-5.038461538,24.89262821,-33.69551282
-4.750762195,24.24085366,-33.53506098
-4.640988372,25.34229651,-33.98110465
-4.531944444,27.53819444,-34.89930556
-1.004261364,28.484375,-37.69957386
1.426339286,29.9985119,-38.66517857
6.416432584,35.08426966,-32.17205056
8.636904762,32.6577381,-34.51264881
7.211647727,33.39275568,-34.89488636
3.008196721,36.54969262,-34.13165984
-1.36328125,35.65429688,-36.640625
-4.517361111,37.37986111,-36.84097222
-4.334375,37.8875,-39.4890625
-2.2296875,37.9125,-43.07890625
-4.675287356,36.6954023,-41.99137931
-2.318452381,33.8266369,-42.73735119
-2.247844828,35.2658046,-39.76005747
0.36471519,34.24367089,-38.40427215
0.81547619,33.41071429,-35.59672619
3.612198795,28.53689759,-36.9871988
5.208559783,31.34035326,-34.31861413
3.006392045,28.93039773,-37.40909091
4.48088843,32.65340909,-35.10588843
9.176075269,34.08333333,-35.16465054
4.952560241,33.81475904,-39.14683735
7.115091463,33.74237805,-41.33917683
6.915730337,33.87570225,-42.68539326
2.016129032,35.91733871,-42.57862903
1.737787356,32.40301724,-45.70905172
2.319940476,28.79241071,-47.671875
-0.388188073,26.5,-49.12442661
-2.508027523,31.01490826,-45.27924312
-4.237012987,31.04383117,-40.96834416
0.862654321,35.61111111,-35.49691358
6.68597561,33.73323171,-33.91082317
12.36138614,32.8490099,-31.89294554
12.10775862,34.27514368,-30.20186782
13.14676966,35.10955056,-28.87008427
6.882554945,37.83791209,-30.45054945
8.182352941,35.95441176,-32.23235294
7.964561856,36.18621134,-32.95296392
4.303685897,33.46153846,-37.51522436
7.057291667,29.953125,-42.23214286
7.319901316,33.10773026,-41.56907895
36.86101974,-7.111842105,-39.38651316
37.51302083,-7.053125,-40.1828125
37.46835443,-4.099683544,-39.97943038
36.80996622,-2.782094595,-39.73733108
35.76934524,-3.720238095,-39.14136905
34.63356164,-1.922089041,-35.19777397
34.09335443,-2.90664557,-33.8125
24.91583333,6.390833333,-29.225
24.78371711,5.416940789,-28.29769737
24.85522152,5.667721519,-26.9960443
27.18298193,4.359186747,-27.02259036
27.38403614,4.365210843,-29.99472892
28.28401899,2.737341772,-33.40901899
29.43132716,-0.75462963,-33.81558642
31.41435185,-4.37345679,-31.6095679
32.17746914,-4.959876543,-30.88040123
33.73780488,-3.31097561,-30.52896341
34.62957317,-0.773628049,-32.09527439
35.25140449,-2.78511236,-35.33707865
37.76704545,4.244318182,-34.86282468
40.08388158,6.604440789,-36.19407895
40.42168675,8.460843373,-38.29894578
37.63529412,7.634558824,-39.33897059
36.0859375,7.510653409,-38.49644886
34.59527439,6.087652439,-37.47408537
34.65436747,3.206325301,-35.64156627
32.61814024,1.140243902,-33.60670732
30.49837662,-0.473214286,-32.89772727
30.23214286,-1.156655844,-31.06087662
31.65764925,-1.679104478,-29.87033582
33.69910714,-2.488392857,-29.03660714
35.47077922,-3.741883117,-29.36607143
34.646875,-3.7546875,-30.99296875
35.29389881,-3.347470238,-33.14508929
34.83928571,-2.284902597,-35.39935065
33.73051948,-1.01461039,-37.87581169
33.625,1.412183544,-38.6693038
32.4265625,3.21953125,-39.53515625
29.99448529,6.181985294,-39.78308824
32.90843023,5.064680233,-36.83139535
33.73945783,-1.389307229,-34.61822289
32.38368056,-5.918402778,-31.88715278
30.4453125,-9.549479167,-31.27777778
30.87428161,-11.09841954,-29.93103448
30.36348684,-10.72203947,-30.56332237
31.28429878,-9.074695122,-30.26676829
30.34659091,-15.51948052,-31.63392857
-13.65046296,-14.27391975,-65.32484568
-14.7688253,-11.42921687,-68.14533133
-14.07578125,-9.74609375,-70.80625
-15.68828125,-10.91171875,-74.23671875
-23.45902778,9.479166667,-42.08055556
-25.21519886,9.254261364,-41.65980114
-25.0096831,8.075704225,-41.51672535
-24.82425214,8.088141026,-41.0892094
-23.8515625,5.776278409,-39.921875
-23.49005682,5.292613636,-36.75852273
-24.36736111,4.219444444,-34.14861111
-25.36953125,3.19375,-32.6390625
-24.90104167,2.39360119,-31.87797619
-25.47140957,2.140292553,-30.89295213
-26.51860119,2.941964286,-32.32291667
-27.88146552,4.49137931,-34.06752874
-26.53813559,11.53654661,-35.94226695
-28.69817073,17.01295732,-33.14939024
-29.52024648,16.05017606,-32.32394366
-29.26671512,9.180232558,-35.73473837
-31.30625,10.02430556,-35.70763889
-31.47439759,6.163403614,-37.89909639
-33.78203125,4.50390625,-38.0828125
-35.78006329,2.838607595,-39.84256329
-35.15544872,3.384615385,-42.44150641
-33.3575,1.959166667,-42.2775
-31.1771978,2.118131868,-42.1614011
-31.24330357,1.970238095,-39.72916667
-31.02166667,7.695833333,-36.8925
-28.07440476,7.35639881,-35.87723214
-26.26055195,10.12094156,-34.20211039
-27.35,10.2921875,-31.47578125
-28.57621951,12.73628049,-29.77591463
-31.63636364,13.09334416,-30.47483766
-34.05752841,10.84588068,-31.84375
-33.69588415,9.224847561,-35.29496951
-34.075625,11.439375,-37.531875
-34.25320513,11.30769231,-38.94871795
-31.89140625,3.65,-44.1796875
-30.70258621,7.20545977,-44.69612069
-27.93669872,5.028846154,-46.92227564
-28.30890805,1.400143678,-45.63074713
-32.76219512,2.213414634,-41.28658537
-34.13095238,8.69047619,-37.23958333
-31.78199405,13.16592262,-36.0610119
-31.67989865,17.75929054,-31.67905405
-31.81400602,18.65737952,-31.15210843
-30.94401042,16.70182292,-33.32877604
-31.51420455,16.56818182,-32.27201705
-30.87160326,16.86277174,-32.90692935
-30.98328488,14.29505814,-35.63444767
-30.14539474,14.35921053,-37.80855263
-30.49640805,14.27011494,-40.80028736
-27.50808824,16.87279412,-43.4375
-2.321323529,-21.24264706,-45.17132353
-1.038970588,-24.12867647,-44.29191176
-1.702160494,-21.58873457,-45.55092593
-0.80221519,-21.91613924,-44.82436709
0.443965517,-19.96336207,-44.28017241
0.585488506,-20.15086207,-41.40876437
1.944368132,-21.12156593,-38.23351648
3.044207317,-21.93902439,-36.42759146
3.88253012,-22.36972892,-35.34563253
4.308988764,-22.10884831,-34.29494382
4.631329114,-22.97468354,-34.46044304
3.833823529,-24.39705882,-36.20808824
1.576981707,-24.94588415,-39.07317073
0.515804598,-30.13936782,-38.26724138
-4.761948529,-27.68658088,-38.14981618
-6.779411765,-28.80808824,-36.83970588
-5.673701299,-30.27840909,-36.02191558
-4.690833333,-30.6125,-37.77
-1.413970588,-32.33235294,-38.29558824
1.868975904,-32.51506024,-39.66716867
4.771323529,-34.11102941,-41.29705882
4.638157895,-33.96875,-44.55427632
9.582865169,-31.23384831,-44.26544944
7.372596154,-31.29246795,-43.15544872
5.82734375,-29.45625,-42.89375
0.807291667,-31.078125,-39.76488095
0.516447368,-27.66710526,-39.44736842
-3.847527473,-25.19368132,-38.45673077
-4.478084416,-25.08685065,-36.57954545
-4.259232955,-26.34232955,-35.38565341
-6.1875,-28.78343023,-34.36119186
-9.451508621,-30.38577586,-34.2887931
-9.824596774,-30.91599462,-36.47379032
-8.878125,-30.8046875,-39.39453125
7.378472222,-30.33402778,-47.67083333
-3.536637931,-29.23563218,-50.07327586
-1.47995283,-27.92806604,-51.71462264
0.884046053,-25.55838816,-52.82072368
3.612341772,-26.09810127,-51.80696203
5.60390625,-27.6203125,-49.9546875
0.251736111,-31.21006944,-46.37934028
-5.685876623,-29.83035714,-43.86201299
-9.421875,-29.5390625,-41.00086806
-9.801957831,-29.24774096,-40.4623494
-9.761295181,-28.66490964,-41.06400602
-9.032327586,-28.68318966,-41.02945402
-7.06558642,-28.83487654,-41.33641975
-6.077531646,-27.63924051,-43.41297468
-5.891975309,-26.73611111,-44.83487654
-5.631666667,-25.24833333,-47.93916667
-5.55703125,-24.25625,-51.06796875
-3.872159091,16.60085227,-38.83001894
-3.159810127,20.02452532,-42.09731013
-4.085090361,23.03463855,-41.31777108
-3.352884615,23.72307692,-40.89807692
-2.936688312,22.87581169,-38.86850649
-3.996835443,24.57278481,-34.32753165
-3.985887097,22.06317204,-35.5813172
-4.387195122,26.17987805,-31.12957317
-4.194711538,26.58573718,-29.39983974
-5.840981013,26.33306962,-27.42246835
-4.722222222,26.00694444,-26.9691358
-4,26.19230769,-27.36939103
-2.305288462,26.15144231,-29.01522436
0.413765823,26.68117089,-31.28797468
2.952941176,30.1625,-31.11544118
5.118459302,32.73473837,-31.20784884
2.835714286,35.36696429,-31.24732143
1.760416667,36.05113636,-33.86742424
2.174859551,37.15589888,-34.85252809
1.495833333,38.115,-35.49083333
-1.081554878,38.52210366,-37.27667683
-1.84070122,40.75914634,-36.6882622
-0.005912162,38.69003378,-38.84881757
-1.522865854,36.57545732,-37.9839939
1.147865854,32.90015244,-39.66006098
1.225694444,31.81857639,-38.6796875
7.481707317,24.47256098,-37.15777439
2.048611111,23.1257716,-38.30478395
0.451867816,24.27586207,-37.42816092
2.363567073,27.54192073,-36.75990854
1.534801136,28.63139205,-37.78835227
3.691576087,29.60529891,-38.47826087
2.523343373,29.84864458,-40.7003012
3.862654321,31.43287037,-42.76311728
0.10703125,29.68671875,-46.76875
-1.36882716,28.57021605,-49.17978395
-3.013719512,26.60442073,-51.36585366
-1.392113095,25.33407738,-51.7514881
-1.142857143,25.82514881,-48.77529762
1.033707865,28.14044944,-43.67977528
5.748355263,28.59786184,-39.37746711
6.948795181,30.05120482,-36.39834337
9.928091398,29.08669355,-35.98857527
7.76640625,30.2015625,-36.134375
10.90828804,28.85461957,-36.90217391
4.19296875,29.29921875,-37.8
4.462797619,29.83184524,-37.11383929
4.758928571,29.57792208,-37.48863636
0.636111111,25.55277778,-41.75486111
3.435096154,24.77804487,-44.78525641
4.110197368,23.35773026,-46.90296053
-27.14041096,-2.462328767,-37.79023973
-28.55193662,-1.389084507,-38.45158451
-29.50892857,-1.48538961,-38.57386364
-28.77631579,-2.922697368,-39.25246711
-27.5703125,-2.955078125,-37.80013021
-27.66484375,-2.89921875,-34.03984375
-28.75,-3.96875,-31.21235795
-29.93284574,-3.813164894,-29.87034574
-28.57599432,-4.609375,-29.34517045
-28.32118056,-5.118055556,-28.31944444
-28.13992537,-4.154850746,-28.80783582
-28.06325301,-1.673192771,-29.94728916
-28.62156593,1.191620879,-30.92101648
-30.20034247,2.77140411,-30.48886986
-33.47053571,5.298214286,-30.59732143
-36.52294304,5.676424051,-30.9335443
-38.28944175,4.678398058,-32.94417476
-39.9171875,3.1984375,-34.22421875
-40.34246575,1.998287671,-36.3244863
-41.28383028,-0.418004587,-37.41399083
-42.27884615,-1.84775641,-38.8661859
-41.84264706,-3.513235294,-40.21544118
-39.81938073,-1.528669725,-40.99025229
-36.7890625,-1.740625,-41.33046875
-35.41691176,-0.736764706,-39.80735294
-33.94836957,-1.904891304,-38.31521739
-32.52321429,-0.649107143,-36.04375
-31.24931319,2.243818681,-33.89697802
-31.73958333,3.318108974,-31.74599359
-33.54489437,4.716549296,-30.86619718
-35.54142442,2.186046512,-31.40479651
-36.50201613,1.879032258,-32.69959677
-36.76807851,2.832644628,-34.72778926
-38.09810127,3.007120253,-37.29746835
-37.89683735,3.259789157,-40.75301205
-37.64369159,-0.971378505,-43.54264019
-36.7375,-0.769166667,-46.1125
-34.36509146,-3.145579268,-48.74390244
-32.72826087,-3.544836957,-47.65149457
-31.82088415,-2.483993902,-43.63948171
-32.64565217,2.023913043,-38.67663043
-33.38574219,6.192871094,-33.85449219
-32.44335938,8.340820313,-33.52685547
-34.90098315,7.410814607,-31.28581461
-36.33084239,6.395380435,-31.32336957
-36.31456044,7.658653846,-31.65796703
-36.09984756,5.802591463,-32.61356707
-34.68047753,7.372191011,-33.76896067
-34.22456395,8.145348837,-34.57776163
-33.17361111,7.092592593,-37.12114198
-32.53782895,2.978618421,-41.55509868
-30.02166667,5.1225,-43.72166667
24.10533708,-2.117275281,-35.14747191
23.90086207,2.117816092,-38.05603448
24.64583333,0.867788462,-39.15304487
25.05871212,2.208333333,-38.92897727
24.03125,2.029605263,-37.69243421
23.72608025,0.759259259,-35.04475309
24.9837963,2.249228395,-32.1412037
25.54878049,4.365091463,-30.79954268
24.43518519,5.542438272,-29.70756173
23.7625,4.38828125,-28.9453125
23.06583333,3.399166667,-29.1925
22.94791667,0.837053571,-29.46875
23.31635802,0.846450617,-30.30324074
25.6860119,-2.188988095,-30.45758929
29.47847222,-1.625,-31.24722222
32.09302326,-4.117732558,-32.51671512
34.109375,-4.142045455,-34.17684659
36.02352941,-3.488970588,-35.45661765
36.41369048,-2.831845238,-37.49330357
36.38370253,-0.644778481,-39.09018987
38.38177711,-2.643072289,-39.09036145
37.64969136,1.633487654,-40.6087963
35.8203125,3.13359375,-41.18515625
33.56927711,1.073795181,-40.94503012
31.67093373,1.119728916,-40.22213855
30.03463855,-0.402108434,-38.71009036
28.5921875,-0.5140625,-36.97734375
27.4328125,-2.834375,-34.85859375
28.3984375,-1.857638889,-32.52430556
30.00086806,-0.957465278,-32.21701389
31.74107143,-2.1,-32.68214286
32.93303571,-1.858928571,-33.90625
33.51264881,-3.595238095,-35.21577381
34.43675595,-0.12202381,-38.89285714
34.33564815,-0.359567901,-42.7191358
32.97222222,-0.912808642,-46.12037037
33.33035714,-2.212662338,-48.13149351
31.01542208,-0.834415584,-50.75730519
28.50513699,1.378424658,-50.07020548
28.79366438,0.690924658,-45.23886986
27.91469595,-2.376689189,-40.51097973
27.91469595,-8.630912162,-36.53716216
29.31672297,-11.12415541,-33.83108108
30.5671875,-9.5859375,-34.0765625
30.88961039,-8.883928571,-35.06818182
31.5211039,-10.32305195,-34.72483766
30.61434659,-10.21590909,-35.40056818
31.29761905,-8.029761905,-35.43154762
28.27232143,-9.335565476,-38.80282738
27.36128049,-7.243140244,-42.12118902
24.10594512,-6.961128049,-45.36890244
-2.501666667,-28.96833333,-34.75416667
-0.366935484,-29.50100806,-38.24798387
-1.3125,-28.61083333,-38.82166667
-1.055457746,-27.28433099,-37.58010563
-1.158928571,-26.51964286,-34.31696429
0.733134921,-27.75297619,-31.26884921
1.829918033,-28.31762295,-30.20184426
1.895833333,-27.58996212,-29.47443182
1.496621622,-27.05996622,-28.16891892
0.698076923,-26.66826923,-28.85192308
0.045454545,-26.87784091,-29.70075758
-3.867857143,-27.95892857,-29.99821429
-5.913085938,-29.75097656,-30.03027344
-7.003024194,-33.81552419,-29.60181452
-7.694256757,-35.12331081,-31.38682432
-6.487068966,-37.06788793,-32.8674569
-5.4075,-38.155,-34.85333333
-3.793478261,-39.06702899,-36.48278986
-0.873239437,-41.0959507,-35.98239437
-0.047535211,-42.84242958,-33.85739437
-0.611228814,-41.27330508,-38.44173729
0.257352941,-41.35202206,-39.53860294
-0.460069444,-37.77690972,-41.73263889
-1.9140625,-36.25292969,-40.94238281
0.129340278,-34.49045139,-39.57291667
-2.37192623,-34.7397541,-36.55430328
-4.180921053,-32.84457237,-35.21381579
-4.549657534,-31.31849315,-33.41866438
-6.520522388,-31.30783582,-31.36847015
-6.53125,-34.16105769,-29.32451923
-6.981514085,-34.77552817,-30.78961268
-6.664855072,-37.52445652,-30.00181159
-6.866554054,-37.72212838,-32.4847973
-7.017210145,-38.83152174,-35.42028986
-6.754528986,-39.13315217,-39.12681159
-2.84414557,-37.73259494,-42.85522152
-2.940664557,-38.03876582,-44.81329114
-1.59692029,-37.34963768,-46.30344203
-1.356907895,-33.66282895,-46.41858553
-2.132142857,-33.39642857,-42.29017857
-8.362331081,-33.15540541,-37.49493243
-9.631835938,-33.43652344,-33.74414063
-10.9875,-34.08125,-31.47232143
-11.56617647,-35.41819853,-30.78952206
-12.40267857,-35.98125,-30.97589286
-11.15136719,-35.86523438,-31.88183594
-8.263392857,-35.7125,-32.63571429
-9.447610294,-35.03216912,-33.85386029
-9.230072464,-33.94746377,-36.08876812
-9.927364865,-32.74577703,-39.61317568
-8.914434524,-32.24627976,-42.22395833
-9.022727273,-31.81628788,-42.87594697
-5.526240458,16.35305344,-38.37022901
-6.196828358,14.19029851,-40.44309701
-5.133395522,15.58488806,-41.0858209
-6.367077465,15.84771127,-40.58274648
-5.938380282,16.3221831,-38.38028169
-6.381076389,18.29079861,-35.72395833
-6.144097222,19.21440972,-33.84461806
-7.09,21.01916667,-30.8275
-4.694166667,18.6575,-30.71416667
-3.989130435,18.07608696,-29.55344203
-2.811594203,15.28442029,-30.32336957
-2.071428571,16.34017857,-29.58928571
-1.333928571,17.92857143,-30.52142857
4.177734375,24.03808594,-29.92382813
2.184570313,25.29882813,-33.25195313
3.96875,29.1625,-33.58541667
1.729166667,31.08125,-35.70416667
0.013513514,29.91385135,-39.42820946
-1.554054054,29.6722973,-41.17060811
-2.289383562,30.15239726,-41.49657534
-0.547945205,31.07277397,-41.05821918
-2.845486111,29.56163194,-41.14670139
-3.083333333,27.10677083,-41.18576389
-1.952898551,24.55434783,-40.99003623
-1.158514493,23.77083333,-39.51902174
0.786971831,23.39876761,-37.65052817
-0.579225352,21.73151408,-36.10827465
3.124023438,22.20410156,-34.28027344
0.1796875,24.02246094,-33.25
0.880993151,26.70034247,-33.20119863
-0.440924658,26.15068493,-35.93150685
-1.105308219,28.66609589,-35.61472603
-1.950342466,27.43236301,-38.6635274
-0.925,27.06160714,-42.53125
-1.945535714,25.025,-47.00267857
-2.448214286,24.45625,-50.03303571
-0.880357143,22.71875,-52.28839286
-2.2453125,20.41171875,-52.1578125
-1.903125,21.53671875,-48.35390625
0.985795455,21.2907197,-43.94602273
1.84280303,22.87026515,-39.03787879
2.299804688,25.20214844,-36.26757813
2.859375,25.40039063,-36.55566406
3.232007576,25.68560606,-37.31155303
3.148674242,26.33996212,-37.76420455
2.648767606,26.2165493,-37.84242958
5.620598592,24.74295775,-38.54929577
4.25,25.43065068,-38.50171233
3.78510274,21.47260274,-41.92808219
4.816231343,20.02145522,-43.79291045
7.34608209,16.55783582,-45.86940299
-0.80615942,27.58876812,-21.39855072
-29.31833333,-2.8625,-32.24416667
-28.7525,-3.116666667,-34.33333333
-27.60511364,-1.825757576,-35.54924242
-27.20170455,-3.025568182,-33.90435606
-27.03042763,-2.930921053,-31.07730263
-28.08717105,-3.447368421,-28.95888158
-28.73892405,-2.889240506,-27.57674051
-27.82698171,-4.162347561,-26.56478659
-26.84577922,-3.024350649,-25.83116883
-25.80912162,-2.597972973,-25.90287162
-25.23226351,-0.706925676,-25.51858108
-25.61900685,2.092465753,-24.91609589
-28.91576087,2.782608696,-24.3423913
-33.38004032,4.631048387,-25.13608871
-36.5875,8.724107143,-27.61785714
-39.4880137,8.081335616,-29.41523973
-40.91385135,6.040540541,-32.60388514
-41.39964789,3.723591549,-35.11003521
-41.58098592,1.653169014,-36.18838028
-41.36652542,2.340042373,-37.3220339
-41.04351266,4.511867089,-37.69541139
-38.59765625,4.127929688,-39.13574219
-36.93321918,-0.470034247,-38.80907534
-34.58733974,0.742788462,-38.54086538
-32.44123134,2.628731343,-37.28824627
-31.01973684,4.784539474,-35.03618421
-30.43117089,4.461234177,-32.34414557
-31.35416667,5.136284722,-29.69184028
-33.89683735,7.161144578,-28.28237952
-35.3349359,3.899839744,-30.35657051
-36.91549296,2.44278169,-31.37852113
-38.27861446,4.314006024,-31.62274096
-39.69830247,2.838734568,-34.9375
-39.42652027,1.649493243,-40.43918919
-38.23355263,0.695723684,-45.05756579
-36.69097222,1.596354167,-49.26736111
-34.04861111,2.457561728,-51.14737654
-31.45216049,0.606481481,-49.50848765
-30.00625,3.96328125,-44.81328125
-29.79220779,6.530844156,-38.07386364
-31.5109375,7.65078125,-33.10859375
-33.6609375,8.55234375,-31.078125
-35.03544776,9.054104478,-31.05503731
-36.0787037,7.25,-31.86805556
-36.5225,8.111666667,-32.17833333
-36.35326087,9.421195652,-32.4990942
-35.31085526,8.717105263,-34.34128289
-33.94657258,8.005040323,-37.43649194
-32.325,6.554464286,-40.99107143
-30.02549342,8.422697368,-42.61924342
26.49835526,-4.958059211,-29.64473684
26.12890625,-0.48046875,-33.07890625
25.77462121,1.191287879,-35.07765152
26.02083333,-0.035037879,-36.17708333
30.51809211,-3.429276316,-30.89555921
25.59332192,-0.157534247,-33.15582192
25.47007042,5.278169014,-31.56954225
25.28253425,-0.218321918,-30.89469178
25.80753968,1.882936508,-28.67956349
25.75746269,-0.660447761,-26.00559701
21.26630435,-2.094202899,-27.85507246
21.21416667,-4.54,-26.17916667
18.64375,-4.81875,-27.70089286
23.28544776,-5.183768657,-26.41044776
28.16523973,-7.529965753,-25.97089041
26.71785714,-13.16607143,-30.53035714
33.70535714,-11.28571429,-29.46428571
35.18568841,-13.10326087,-31.71014493
31.61970339,-12.85805085,-38.36970339
35.31567797,-5.542372881,-38.41419492
33.83915441,-18.30606618,-36.25367647
37.98253676,-8.478860294,-35.68014706
33.92025862,-20.95689655,-32.75862069
32.78070175,-3.643640351,-37.99561404
29.7266791,-11.6380597,-37.27425373
27.73550725,-15.05072464,-35.44836957
32.02205882,-9.385110294,-30.10477941
24.63970588,-12.48805147,-33.33363971
33.08333333,-6.37405303,-25.42992424
29.70681818,-9.731818182,-29.24545455
34.76136364,-9.8,-25.22045455
32.60984848,-13.27462121,-29.65151515
32.45384615,-9.578846154,-33.0375
34.27992958,-14.00616197,-32.50792254
34.328125,-10.33420139,-38.64670139
33.03211806,-11.35416667,-44.17621528
32.42916667,-15.45083333,-45.94583333
31.18221831,-11.94454225,-48.51496479
27.48202055,-9.921232877,-48.82876712
27.12607759,-9.839439655,-44.54525862
26.64116379,-11.33512931,-39.42241379
35.17055085,-13.26800847,-27.58368644
30.00275735,-13.02941176,-32.44761029
29.35104167,-5.780208333,-36.16666667
32.40357143,-10.99196429,-33.33482143
33.640625,-11.91145833,-32.00104167
32.94895833,-15.20833333,-31.27395833
30.81646825,-12.58531746,-35.01884921
28.89285714,-11.86309524,-38.12996032
27.44927536,-13.01721014,-39.99003623
24.24772727,-12.93863636,-42.9875
0.3,-27.2875,-31.67159091
2.124107143,-26.87767857,-34.09642857
0.178685897,-25.72355769,-36.93189103
-2.496044304,-23.77294304,-39.22705696
-0.314082278,-23.93037975,-37.88528481
-1.277288732,-24.47183099,-35.22711268
2.060739437,-23.87764085,-33.55017606
2.148333333,-25.7425,-31.3525
2.640833333,-25.56583333,-29.75916667
2.322635135,-24.39611486,-28.71621622
0.83277027,-22.4222973,-29.44003378
-0.959651899,-22.65664557,-27.77689873
-1.925632911,-22.6431962,-27.40348101
-4.727272727,-24.31980519,-27.86038961
-6.530032468,-28.86688312,-28.32061688
-9.292207792,-33.08035714,-29.1461039
-4.245941558,-40.06737013,-25.80519481
-3.531655844,-41.03003247,-24.18100649
-10.45048701,-43.06412338,-23.90422078
-5.4825,-40.5225,-30.3225
-3.869166667,-40.53916667,-31.64083333
-4.881730769,-41.24711538,-32.70480769
-2.565384615,-39.19423077,-37.12211538
-4.798415493,-38.65052817,-38.61707746
-5.802816901,-39.62147887,-38.2306338
-8.320422535,-38.67869718,-37.37059859
-4.494140625,-36.53808594,-37.88183594
-4.241210938,-35.86425781,-36.52246094
-4.327380952,-34.86111111,-34.84325397
-6.411706349,-31.2093254,-34.6765873
-5.833079268,-29.52743902,-33.74314024
-7.667682927,-28.76295732,-31.71265244
-5.955357143,-33.71022727,-27.46428571
-4.144230769,-34.0713141,-29.86137821
-6.194711538,-36.70352564,-29.55689103
-7.486607143,-35.98214286,-32.19910714
-4.807142857,-36.74464286,-34.99910714
-4.262931034,-36.95043103,-40.43426724
-3.994612069,-35.95258621,-44.98383621
-2.816885965,-34.59429825,-49.49780702
-5.255482456,-34.29605263,-50.47916667
-3.299831081,-31.49155405,-50.00084459
-3.576858108,-28.42820946,-46.73310811
-7.6328125,-27.73350694,-40.98003472
-9.084201389,-30.25607639,-34.88888889
-11.08333333,-28.25520833,-35.13454861
-10.13636364,-31.8219697,-32.76704545
-10.48484848,-32.99526515,-32.52367424
-11.15307971,-34.52173913,-32.53985507
-11.61594203,-33.62047101,-34.03985507
-10.26128472,-34.65364583,-33.81510417
-12.55642361,-32.66493056,-35.64930556
-11.12715517,-32.08189655,-37.93534483
-9.580223881,-31.01119403,-40.71175373
-13.73041045,-30.96548507,-40.86847015
-5.152462121,28.85037879,-27.17708333
-8.972138554,26.38704819,-30.64909639
-8.278169014,25.50528169,-33.02288732
-6.304383117,26.13149351,-33.17288961
-5.977722772,26.93131188,-33.36571782
-6.089095745,25.90093085,-33.72539894
-5.300561798,26.27738764,-32.46839888
-6.080882353,26.62205882,-30.84558824
-6.406635802,29.13734568,-27.35416667
-4.25,27.84146341,-27.0785061
-3.578506098,25.46493902,-27.0929878
-3.0453125,25.29375,-24.78359375
0.319683908,22.69899425,-25.24568966
0.96484375,23.98372396,-23.40299479
3.878947368,26,-24.17697368
6.513342697,30.03792135,-24.1622191
6.329353933,35.10323034,-24.30898876
7.180194805,38.11038961,-27.02353896
7.678006329,39.78006329,-30.30063291
7.439082278,42.10443038,-31.26344937
6.75,41.3372093,-33.82485465
2.712025316,40.2943038,-35.76186709
7.095,39.55833333,-35.32333333
5.696646341,38.22560976,-35.41692073
3.946993671,34.76424051,-37.11392405
6.383653846,31.8875,-37.2375
8.799264706,30.27132353,-35.98455882
7.245535714,29.42857143,-35.03839286
6.868140244,29.87195122,-32.51753049
-3.419166667,-5.008333333,-43.39083333
-2.785833333,8.029166667,-42.5925
3.826666667,31.77333333,-30.56083333
2.341282895,36.11266447,-27.53371711
1.758333333,36.90625,-28.92430556
-6.044852941,36.64779412,-30.49044118
0.473011364,38.71448864,-32.0546875
0.499255952,37.94196429,-37.33556548
1.246875,36.4171875,-42.43984375
1.40859375,37.61953125,-44.49921875
-0.109550562,34.29073034,-46.10323034
2.894965278,29.54947917,-46.05989583
4.462673611,27.90277778,-43.16666667
6.914540816,28.45854592,-38.50382653
5.222310127,31.56329114,-33.68591772
3.106060606,30.29545455,-35.32765152
3.633426966,32.44873596,-34.74648876
4.593344156,34.12824675,-34.17207792
4.341911765,34.35294118,-34.14485294
6.036764706,31.83455882,-36.46911765
10.36904762,32.41741071,-35.8125
5.946428571,32.64835165,-38.04739011
8.333079268,30.375,-40.27591463
8.869852941,29.36029412,-41.7375
26.85018382,9.806066176,-27.69209559
27.25091912,8.681985294,-29.42830882
26.56003289,7.889802632,-32.08552632
25.75168919,6.295608108,-34.34037162
26.815625,7.69296875,-32.83203125
26.36213235,7.570772059,-32.01654412
26.62683824,8.037683824,-29.90625
27.10714286,7.461607143,-29.06160714
27.75183824,7.078125,-26.81341912
25.28557692,7.698076923,-27.13653846
22.53804348,6.889492754,-26.96286232
20.87126866,4.434701493,-25.60074627
21.65202703,1.034628378,-23.93074324
25.12873134,-0.054104478,-23.68656716
29.05384615,-0.056730769,-24.35480769
33.55223881,-2.36380597,-25.6875
38.10515873,-2.123015873,-26.61507937
39.68474265,-3.595588235,-31.078125
41.27708333,-2.480208333,-32.95208333
40.52946429,-1.142857143,-35.21339286
41.16442308,1.251923077,-34.96346154
40.17559524,1.696428571,-35.88095238
39.01814516,3.497983871,-36.16935484
36.19615385,1.8875,-37.14519231
34.70833333,1.856884058,-36.2192029
31.48076923,-0.019230769,-36.39519231
29.78681507,-1.358732877,-34.82363014
29.30674342,-2.694901316,-32.72368421
29.7640625,-2.3875,-30.37578125
33.30234375,0.5140625,-27.5453125
34.36517857,-1.033928571,-28.53214286
36.79880137,-0.783390411,-28.33219178
36.91232639,4.0625,-30.16059028
1.842429577,20.0431338,-34.45598592
38.4375,0.88134058,-36.54257246
38.54296875,2.3125,-40.84179688
37.17578125,1.611328125,-45.36914063
33.53409091,0.871212121,-48.51231061
30.23181818,0.322727273,-46.31022727
28.28693182,0.735795455,-43.47253788
27.68044355,0.904233871,-38.61895161
29.91834677,0.048387097,-33.77419355
30.33989726,-1.363013699,-33.65410959
33.77766393,-1.303278689,-32.35860656
34.59016393,-0.767418033,-33.54508197
34.20394737,-1.649671053,-33.75246711
34.89196429,-2.334821429,-34.02589286
34.74553571,-3.852678571,-35.41160714
33.3810241,-3.893072289,-38.62876506
32.21180556,-3.299479167,-41.14409722
29.74017857,-1.341964286,-43.12857143
-27.22142857,-12.225,-29.79285714
-27.68066406,-10.8203125,-31.82910156
-27.95214844,-12.19824219,-33.61523438
-28.65885417,-10.35243056,-34.61111111
-28.48263889,-7.780381944,-34.09809028
-27.82911392,-9.414556962,-32.65348101
-28.58623418,-8.333860759,-30.84414557
-29.72321429,-6.531746032,-28.76289683
-28.29960317,-6.544642857,-27.97420635
-27.4709507,-4.970070423,-26.5096831
-25.01672535,-4.708626761,-26.84066901
-24.64442568,-3.943412162,-25.63851351
-25.56165541,-0.955236486,-24.97466216
-27.91340361,-0.09563253,-25.77560241
-32.3938253,1.685993976,-25.92018072
-36.69252874,2.63433908,-26.32686782
-39.82471264,2.837643678,-28.27298851
-41.66552198,2.013049451,-30.4842033
-42.62912088,3.875686813,-32.27541209
-43.55931122,0.427295918,-33.11734694
-43.15369898,0.390943878,-34.14604592
-43.41975309,1.261574074,-33.33873457
-42.19907407,-0.887345679,-33.33564815
-39.53645833,0.028645833,-34.23524306
-36.25434028,-1.810763889,-35.13802083
-34.03462838,1.116554054,-34.94341216
-31.83445946,2.163851351,-34.18665541
-32.690625,2.95625,-31.2703125
-32.9375,1.9875,-29.31171875
-35.57725694,1.96875,-27.91232639
-36.82118056,1.2109375,-29.05902778
-36.43315972,-2.108506944,-31.48350694
-38.51822917,-3.027777778,-31.11631944
-39.15190972,-2.360243056,-33.47222222
-41.47829861,-7.581597222,-35.3671875
-38.48192771,-3.401355422,-42.4375
-38.20406627,-4.461596386,-45.77635542
-36.89705882,-1.566176471,-46.63511029
-33.59375,-1.515625,-46.04044118
-32.11230469,-0.657226563,-42.84960938
-31.71679688,-0.456054688,-38.4140625
-33.8028169,3.184859155,-33.47975352
-34.32922535,3.313380282,-33.14348592
-35.85273973,0.764554795,-33.07534247
-36.62326389,1.529513889,-33.70225694
-37.24305556,0.609375,-32.98958333
-37.40625,3.03515625,-32.82421875
-35.2765625,2.79453125,-35.0109375
-33.57742537,3.975746269,-37.64738806
-30.76958955,3.789179104,-40.81996269
-29.89642857,2.342857143,-42.45446429
4.470108696,-27.48165761,-28.4830163
3.677469136,-27.55864198,-30.0779321
3.587936047,-27.45421512,-32.19258721
2.538006757,-27.13851351,-33.71283784
2.257440476,-27.54910714,-33.046875
2.288949275,-27.13405797,-32.11050725
1.194711538,-28.40264423,-29.63341346
0.27,-28.52083333,-28.7525
2.355410448,-27.66697761,-27.60261194
1.65,-26.54285714,-26.65803571
0.169642857,-24.16592262,-26.28571429
-1.578547297,-22.84206081,-24.59290541
-2.383445946,-23.45016892,-23.80996622
-2.384417808,-23.67893836,-23.20890411
-5.096354167,-26.42361111,-22.90017361
-6.590460526,-29.91776316,-23.73108553
-7.043918919,-34.59712838,-24.97719595
-10.55416667,-38.25583333,-26.43083333
-6.967465753,-41.89212329,-28.35958904
-7.150735294,-43.29503676,-30.51286765
-7.025493421,-42.48848684,-33.08141447
-6.425,-42.18303571,-33.85267857
-6.273333333,-41.455,-34.645
-6.101679104,-38.88432836,-36.23880597
-6.689212329,-37.90753425,-35.23972603
-5.733870968,-35.04939516,-36.01108871
-7.507716049,-32.1712963,-35.59876543
-6.705147059,-31.28602941,-33.65367647
-7.8925,-29.42416667,-32.70833333
-6.295138889,-31.29427083,-29.22916667
-5.660833333,-33.42916667,-28.005
-5.031690141,-35.06426056,-28.47711268
-4.560739437,-37.56690141,-28.11795775
-1.883064516,-38.06149194,-29.62399194
-2.030448718,-39.59615385,-31.03445513
-3.356060606,-39.70833333,-35.77746212
-4.206521739,-39.19293478,-40.73641304
-3.73415493,-39.17253521,-44.23239437
-5.301785714,-34.18125,-47.85535714
-5.699404762,-31.69642857,-45.7827381
-6.867788462,-29.38221154,-42.99839744
-7.882211538,-29.60016026,-37.68028846
-6.121710526,-31.89638158,-32.79276316
-7.928977273,-31.99337121,-32.5842803
-7.411184211,-36.21217105,-29.93914474
-8.514084507,-35.52200704,-32.6971831
-8.53125,-35.41579861,-32.74652778
-10.7175,-35.15166667,-32.91666667
-11.53824627,-34.45988806,-34.69496269
-10.42095588,-34.54595588,-36.59007353
-11.61865942,-31.50634058,-40.13949275
-9.890625,-30.61979167,-41.64895833
-6.345833333,19.07708333,-30.27708333
-12.153125,19.84375,-29.08229167
-6.901654412,23.64797794,-30.19669118
-1.795094937,23.60996835,-32.38528481
-3.633445946,23.61824324,-33.16216216
-0.433098592,23.95510563,-34.20158451
-7.275152439,20.84146341,-34.58536585
1.4296875,22.53046875,-33.96328125
-0.859375,27.40699405,-30.02901786
-0.342592593,23.34490741,-31.76851852
1.103395062,20.06867284,-31.34799383
-3.386432927,18.15167683,-28.99009146
-0.321646341,16.11128049,-26.95503049
0.935714286,17.51339286,-24.74642857
3.89738806,19.60820896,-24.65951493
3.673333333,29.82833333,-20.07416667
6.306006494,33.54464286,-22.15827922
11.02024648,34.76056338,-29.02376761
7.124107143,37.63660714,-32.14017857
6.877604167,37.63975694,-37.54600694
8.295535714,40.31428571,-35.31696429
11.75,36.04924242,-37.54640152
9.15625,33.71696429,-38.72678571
8.547321429,31.52678571,-39.10357143
10.19474638,29.65036232,-36.97916667
7.875905797,29.06974638,-36.2798913
8.286885246,27.3442623,-35.83913934
6.460714286,29.34107143,-33.13482143
7.034482759,30.12212644,-30.74497126
6.755028736,32.42816092,-29.14942529
5.657986111,32.70399306,-30.6796875
3.625868056,36.40538194,-28.94704861
0.577083333,26.08541667,-38.78125
11.58229167,25.20520833,-39.446875
7.222426471,28.63143382,-40.00091912
5.440257353,29.40073529,-41.71875
9.044407895,26.40542763,-43.68174342
7.294407895,22.85526316,-43.87417763
10.3245614,20.17214912,-41.41337719
7.099780702,22.0372807,-41.28837719
4.499067164,25.57276119,-38.31156716
7.500791139,26.27136076,-36.53006329
-2.64556962,31.97468354,-32.43433544
4.248134328,27.90485075,-37.61567164
12.15552326,23.22383721,-39.65043605
12.85392442,23.39244186,-39.50581395
15.17741935,26.37836022,-36.38709677
9.140625,29.98871528,-35.828125
18.18031609,22.42456897,-38.09267241
10.37316176,26.19393382,-40.18474265
-3.865079365,9.674603175,-47.69642857
4.23415493,6.615316901,-50.14172535
26.40447154,14.69817073,-23.99542683
23.76515152,10.59185606,-27.23768939
23.03462838,7.212837838,-30.48902027
24.54440789,3.259046053,-30.82154605
24.97341954,6.729885057,-31.55244253
24.17013889,7.493923611,-31.52690972
25.23679577,6.855633803,-29.93926056
25.8117284,7.554012346,-29.7345679
25.41940789,9.504934211,-29.28453947
23.79166667,7.631666667,-29.14916667
19.68125,8.116071429,-27.81339286
16.67957746,8.504401408,-24.81426056
17.32922535,6.681338028,-20.79489437
20.66666667,1.787660256,-17.91987179
26.23069853,1.140625,-16.83547794
32.56899351,-2.107954545,-18.65909091
36.17166667,-3.68,-22.79583333
38.81166667,-3.239166667,-27.4775
40.40480769,-4.502884615,-30.18557692
41.25,-2.970439189,-33.13006757
40.67980769,-1.984615385,-34.78365385
38.14409722,1.052083333,-37.46006944
37.32094595,-4.26097973,-35.91300676
34.67351974,-6.651315789,-36.41200658
30.76973684,-1.142269737,-38.03536184
28.96696429,-3.158928571,-36.59464286
27.95416667,-5.5525,-33.99583333
28.30887681,-7.458333333,-31.0326087
29.77678571,-3.563244048,-28.24776786
32.66461268,-1.610915493,-26.54929577
34.34848485,0.37594697,-26.64583333
36.13820423,0.447183099,-26.73151408
37.89884868,0.413651316,-27.22532895
37.06702899,1.804347826,-29.78442029
35.78808594,1.23828125,-31.8671875
36.14823718,-0.388621795,-33.57211538
33.04769737,-0.663651316,-36.50411184
30.64519231,-1.7125,-36.96826923
25.76541096,-3.390410959,-36.34246575
29.46957237,-8.998355263,-32.72368421
28.15588235,-1.678676471,-33.46544118
28.89583333,-0.538194444,-32.83940972
29.87417763,0.815789474,-31.80427632
31.25186567,0.347947761,-31.44776119
32.12797619,-0.996031746,-32.72619048
30.94444444,-1.327160494,-34.01311728
30.52220395,-6.841282895,-33.38240132
30.88134058,-7.519927536,-32.89673913
31.13515625,-5.8625,-34.8703125
29.62115385,-7.468269231,-37.43846154
29.76346154,-7.694230769,-37.41153846
29.56350806,-6.127016129,-39.93145161
-28.74392361,-6.598958333,-24.22829861
-28.4309593,-4.468023256,-26.06686047
-27.96394231,-4.070512821,-28.43509615
-28.72887324,-0.496478873,-29.50440141
-27.99925595,-1.892113095,-30.96279762
-26.59018987,-1.075158228,-31.27848101
-28.23544521,0.029965753,-29.08047945
-28.84503425,-1.793664384,-28.19178082
-29.18918919,-1.049831081,-27.66638514
-26.60608553,-1.911184211,-27.68667763
-23.14144737,0.305921053,-25.82483553
-21.70583333,-0.011666667,-22.85416667
-22.25416667,5.848333333,-18.81083333
-26.00833333,5.338333333,-16.47416667
-13.885,-1.871666667,-12.19083333
-19.25740132,-1.779605263,-13.55838816
-24.02878289,-0.085526316,-16.00986842
-41.20034247,6.716609589,-28.79794521
-41.78681507,6.435787671,-33.04195205
-43.00316456,6.756329114,-34.41139241
-42.66613924,3.867879747,-35.58623418
-40.77848101,1.547468354,-37.24287975
-40.50506757,2.711993243,-36.50337838
-37.19932432,2.498310811,-38.45692568
-32.05034722,3.5234375,-40.02951389
-30.46527778,6.399305556,-38.41840278
-26.20016892,7.282094595,-38.39695946
-27.92314189,7.353885135,-34.67483108
-30.04264706,5.775,-31.10441176
-33.32132353,4.294852941,-28.68088235
-34.10918675,4.881777108,-29.06475904
-36.55912162,3.728885135,-29.22466216
-37.04222973,3.596283784,-31.17060811
-37.77922078,2.193993506,-32.77272727
-38.33441558,6.689935065,-34.31737013
-36.48710317,1.768849206,-40.64980159
-34.94146825,7.785714286,-43.98611111
-30.77452532,8.752373418,-45.55142405
-27.05063291,9.806170886,-43.12183544
-27.74003623,10.6548913,-39.37137681
-27.09852941,5.9,-38.23235294
-28.66617647,3.794117647,-35.60735294
-30.43196203,5.707278481,-34.54825949
-33.75474684,6.995253165,-33.54351266
-35.15046296,8.057098765,-35
-33.07253086,8.632716049,-36.6875
-32.92633929,9.567708333,-36.4858631
-34.52455357,17.48214286,-31.09895833
-34.35333333,15.1325,-36.01583333
-33.80333333,12.19916667,-39.91916667
-31.27854938,13.69984568,-42.73070988
10.57263514,-24.57516892,-29.70016892
9.460820896,-22.65671642,-31.68376866
7.73880597,-21.30597015,-34.70429104
6.744318182,-21.07386364,-36.26055195
5.819805195,-21.33198052,-37.38961039
6.093344156,-20.29301948,-37.69074675
5.388798701,-20.77191558,-36.93993506
6.001666667,-22.62916667,-35.13583333
6.678333333,-22.1475,-34.83083333
7.932692308,-19.64262821,-34.60897436
7.249198718,-16.70192308,-33.25560897
5.748263889,-15.18315972,-30.26475694
4.806423611,-15.47482639,-27.06423611
1.739864865,-18.47972973,-24.75929054
-1.340371622,-23.33783784,-24.40456081
-2.678697183,-29.77376761,-25.33626761
-4.089788732,-32.83010563,-30.20950704
-4.297379032,-34.95060484,-35.21673387
-4.95766129,-36.24596774,-38.76814516
-5.233231707,-36.88338415,-40.85823171
-3.216463415,-36.51753049,-42.09832317
-2.74692623,-35.75409836,-42.71004098
-1.308978873,-34.13644366,-43.04753521
-1.921677215,-31.52927215,-43.94462025
-1.48971519,-28.13212025,-44.10126582
-4.433978873,-23.98767606,-44.00176056
-4.763798701,-22.34334416,-42.4788961
-5.385416667,-23.97836538,-39.34855769
-5.091176471,-24.70661765,-37.21691176
-2.801282051,-27.41185897,-35.0713141
-2.481418919,-30.92398649,-33.78040541
-1.747626582,-31.88528481,-34.71598101
-0.499155405,-33.12753378,-35.7035473
0.934121622,-33.37077703,-37.32094595
0.949013158,-32.44572368,-39.69161184
-0.018229167,-31.86111111,-42.55208333
-1.552469136,-30.18132716,-45.95138889
-2.462962963,-27.81867284,-46.96141975
-1.630401235,-25.20524691,-45.08564815
-4.79193038,-22.25,-42.89161392
-3.106514085,-25.58714789,-40.37411972
-1.841463415,-24.50228659,-39.84146341
-0.316780822,-26.08989726,-38.56934932
-0.73943662,-28.22007042,-37.69894366
-2.349085366,-28.45579268,-39.45731707
-2.024691358,-28.01157407,-40.32021605
-2.434294872,-28.2724359,-39.84375
-5.244664634,-27.61737805,-40.61737805
-6.867378049,-27.27820122,-41.95045732
-7.128424658,-25.03339041,-45.09332192
-6.732142857,-23.58571429,-47.19285714
9.206414474,-31.31661184,-24.23026316
8.259417808,-28.85616438,-27.3484589
3.971311475,-27.61577869,-28.57069672
2.429383117,-27.20616883,-30.37012987
2.309027778,-28.22916667,-30.39670139
4.420774648,-26.88028169,-30.85387324
3.81171875,-26.2796875,-30.51953125
4.639964789,-28.13380282,-28.3846831
4.51171875,-28.0109375,-27.74375
4.472128378,-25.42820946,-28.30996622
4.211206897,-21.9375,-27.03017241
2.448863636,-19.67045455,-25.07102273
0.902871622,-20.79560811,-21.07347973
-2.258928571,-23.02029221,-19.11525974
-5.132352941,-27.09191176,-19.27113971
-7.29076087,-32.39221014,-21.01358696
-7.910361842,-36.79111842,-23.99259868
-8.517210145,-38.82155797,-28.01086957
-8.410447761,-41.3488806,-30.24626866
-7.551757813,-42.61621094,-31.86035156
-6.779605263,-42.91858553,-32.51480263
-6.495659722,-41.24131944,-33.93142361
-3.769366197,-40.28521127,-34.22359155
-5.262335526,-36.99588816,-35.99259868
-3.683876812,-34.68568841,-35.90217391
-5.291373239,-29.96126761,-37.64172535
-6.819940476,-29.81696429,-34.85193452
-6.894153226,-30.99798387,-31.65927419
-6.235632184,-31.08908046,-29.1637931
-4.841049383,-33.48148148,-27.34104938
-4.234756098,-35.5625,-26.45198171
-3.683641975,-37.56635802,-26.05169753
-1.636130137,-38.07020548,-28.22089041
-1.512784091,-38.39346591,-30.84090909
-1.664434524,-38.6391369,-31.92261905
-2.175675676,-38.17314189,-35.6714527
-2.797101449,-37.2817029,-38.26539855
-6.587797619,-33.02678571,-40.64955357
-4.674512987,-30.44967532,-39.16152597
-7.215277778,-28.06712963,-37.61265432
-4.702205882,-30.53308824,-34.77132353
-3.35390625,-31.07578125,-32.89921875
-3.141047297,-32.09966216,-31.84121622
-2.755608974,-34.22035256,-30.64262821
-4.162683824,-35.96691176,-31.19944853
-5.430833333,-34.81583333,-32.55666667
-7.36,-35.11666667,-31.69833333
-8.644117647,-34.81691176,-32.56617647
-8.3125,-36.28819444,-32.95138889
-9.420673077,-34.3036859,-36.48798077
-9.401315789,-32.109375,-40.09868421
